"x";"y";"km";"distance_to_neighbour"
13.2469037936056;52.7085152081701;0;0
13.2460657387162;52.7084229541237;0.0599999999976717;0.0599999999976717
