"x";"y";"km";"distance_to_neighbour"
13.2514038802188;52.7240867915984;0;0
13.2512922693902;52.7240977623693;0.00723430000653025;0.00723430000653025
13.2511637628564;52.724099021764;0.0154577000066638;0.00822340000013355
13.250994941038;52.724092723339;0.0262800000054995;0.0108222999988357
13.2508613966493;52.724078863942;0.0349487000057707;0.0086687000002712
13.2507442286455;52.7240587071833;0.0427406999951927;0.00779199998942204
13.2506459598522;52.7240335092915;0.0495661000022665;0.00682540000707377
13.2505476914033;52.724000753383;0.0567389000061667;0.00717280000390019
13.2503856833003;52.7239222728573;0.0700000000069849;0.0132611000008183
