"x";"y";"km";"distance_to_neighbour"
11.8048275287877;48.9250743858587;162.710000000006;162.710000000006
11.8054730157117;48.9251714202768;162.763999999996;0.0539999999891734
