"x";"y";"km";"distance_to_neighbour"
10.1728034951688;49.9678275477923;322.506999999998;322.506999999998
10.1728379228765;49.967757598126;322.5;-0.00699999999778811
10.1733141620345;49.9667899877551;322.399999999994;-0.100000000005821
10.1736681709478;49.9660706953299;322.320000000007;-0.0799999999871943
