"x";"y";"km";"distance_to_neighbour"
11.5729870197094;53.2902041774148;0;0
11.5729814386756;53.2910339872083;0.100000000005821;0.100000000005821
11.5729758565187;53.2918637978301;0.19999999999709;0.0999999999912689
11.5729702761282;53.2926936074194;0.30000000000291;0.100000000005821
