"x";"y";"km";"distance_to_neighbour"
12.9602414252031;53.8800651115891;0.11699999999837;0.11699999999837
12.9604907875135;53.8801099627831;0.100000000005821;-0.0169999999925494
12.9619457382983;53.8803716440098;0;-0.100000000005821
