"x";"y";"km";"distance_to_neighbour"
13.0479786237316;53.9141892648274;0;0
13.0481639551064;53.9132973266862;0.100000000005821;0.100000000005821
13.0482122898663;53.9130647002734;0.126000000003842;0.0259999999980209
