"x";"y";"km";"distance_to_neighbour"
12.8880764326213;53.8569152846368;0;0
12.8886822786501;53.8568437354258;0.0408160999941174;0.0408160999941174
12.8888050360398;53.8568260721468;0.0491652749951754;0.00834917500105803
12.888924887972;53.8568024427717;0.0575144499962335;0.00834917500105803
12.8890410063633;53.8567730105629;0.0658636249972915;0.00834917500105803
12.8891525889308;53.8567379788761;0.0742127999983495;0.00834917500105803
12.8892934897299;53.8566892007177;0.0850000000064028;0.0107872000080533
