"x";"y";"km";"distance_to_neighbour"
12.9935422431564;53.8831304541932;0.119000000006054;0.119000000006054
12.9933412610226;53.8832560508023;0.100000000005821;-0.0190000000002328
12.9929562212257;53.8834966670345;0.0631513999978779;-0.0368486000079429
12.9928445357973;53.8835629190501;0.0527446999985841;-0.0104066999992938
12.9927271688853;53.8836256494258;0.0423379999992903;-0.0104066999992938
12.992604438191;53.8836846883423;0.0319312999999966;-0.0104066999992938
12.99247667594;53.8837398759728;0.0215246000007028;-0.0104066999992938
12.9922074512884;53.8838499350351;0;-0.0215246000007028
