"x";"y";"km";"distance_to_neighbour"
14.1774765928864;52.32304559939;0;0
14.1780814089253;52.3222960640367;0.0929999999934807;0.0929999999934807
