"x";"y";"km";"distance_to_neighbour"
14.0341851221165;52.3635204277734;0;0
14.0327988706485;52.3638159649048;0.100000000005821;0.100000000005821
14.0316223697937;52.3640667687416;0.184868099997402;0.0848680999915814
14.0315182004674;52.3640903362163;0.192434049997246;0.00756594999984372
14.0314155615594;52.364116298564;0.19999999999709;0.00756594999984372
14.0312750955738;52.3641564821968;0.210563533333091;0.0105635333360018
14.0311382905578;52.364201149296;0.221127066669093;0.0105635333360018
14.0310055280386;52.3642501752972;0.231690600005095;0.0105635333360017
14.0307296729756;52.3643582228534;0.254000000000815;0.02230939999572
