"x";"y";"km";"distance_to_neighbour"
12.3239806024918;52.5807755559791;0.19999999999709;0.19999999999709
12.3244034633794;52.5816474067119;0.100000000005821;-0.0999999999912689
12.3244146389159;52.5816704483448;0.0973571999929845;-0.00264280001283623
12.3245745689887;52.58200293397;0.0592467999958899;-0.0381103999970946
12.3246503256401;52.5822259946779;0.0341909999988275;-0.0250557999970624
12.3247347957139;52.5825325394494;0;-0.0341909999988275
