"x";"y";"km";"distance_to_neighbour"
12.4997469473468;52.3890681160432;0.0800000000017462;0.0800000000017462
12.4996874402679;52.3890590827608;0.0758307999931276;-0.00416920000861865
12.4996189819263;52.3890556602878;0.0711600999929942;-0.00467070000013337
12.4992358390152;52.3890530737331;0.0451047999958973;-0.0260552999970969
12.4988573805139;52.3890539476691;0.0193695000052685;-0.0257352999906288
12.4987786524604;52.389053948386;0.0140159000002313;-0.00535360000503715
12.4987067724989;52.3890453909991;0.00903640000615269;-0.00497949999407865
12.4985802074317;52.3890206086435;0;-0.00903640000615269
