"x";"y";"km";"distance_to_neighbour"
12.0369701595749;52.8842466793311;0.139999999999418;0.139999999999418
12.0365969001649;52.88423100297;0.114812700005132;-0.0251872999942861
12.0363786704184;52.884213947013;0.100000000005821;-0.014812699999311
12.035667738714;52.8841583817051;0.0517442999989726;-0.0482557000068482
12.0349143237723;52.884066222337;0;-0.0517442999989726
