"x";"y";"km";"distance_to_neighbour"
12.3253771631674;52.5711693127576;0.0800000000017462;0.0800000000017462
12.3249568627265;52.5712821373675;0.0470273999962956;-0.0329726000054507
12.3247105044716;52.5713480639437;0.0277102999971248;-0.0193170999991708
12.3245335417101;52.5713931718936;0.0139389999967534;-0.0137713000003714
12.3243501261328;52.5714319798235;0;-0.0139389999967534
