"x";"y";"km";"distance_to_neighbour"
12.2047489991729;52.7084705037251;0.160000000003492;0.160000000003492
12.2039267918858;52.7082923836228;0.100000000005821;-0.0599999999976717
12.2039067425041;52.7082880396971;0.0985368999972707;-0.0014631000085501
12.2034858048398;52.7081804661113;0.067147699999623;-0.0313891999976477
12.2026087247393;52.7079191416536;0;-0.067147699999623
