"x";"y";"km";"distance_to_neighbour"
12.1528238283579;54.0899736794802;0;0
12.1534225715576;54.0894643021804;0.0688999999983935;0.0688999999983935
