"x";"y";"km";"distance_to_neighbour"
7.89634160557215;50.3130560197658;0.0460000000020955;0.0460000000020955
7.89694478736612;50.3129089070049;0;-0.0460000000020955
