"x";"y";"km";"distance_to_neighbour"
6.82940507475499;51.441637077845;8.08699999999953;8.08699999999953
6.83099648657152;51.4413331334299;8.20100000000093;0.114000000001397
