"x";"y";"km";"distance_to_neighbour"
8.42938764122236;50.5469785913626;0;0
8.42928908473993;50.5469560577572;0.00745210000604857;0.00745210000604857
8.42909050535758;50.5469791531294;0.0218184999976074;0.0143663999915589
8.42883483530661;50.5470380681231;0.0411677999945823;0.0193492999969749
8.42812955644826;50.5473128159807;0.100000000005821;0.0588322000112385
8.42693074019732;50.5477798078045;0.19999999999709;0.0999999999912689
8.42685191072024;50.5478105150478;0.206575599993812;0.0065755999967223
8.42622659018708;50.5479819252994;0.255022199999075;0.0484466000052635
8.4258955174358;50.5480284292878;0.279149900001357;0.0241277000022819
8.42560807609111;50.5480645237792;0.30000000000291;0.0208501000015531
8.42552667267289;50.5480747460102;0.305904799999553;0.0059047999966424
8.42527106685697;50.5481276369923;0.325031000000308;0.0191262000007555
8.42494906841339;50.5482042674206;0.349493300003815;0.0244623000035062
8.42428419408296;50.5483623974843;0.399999999994179;0.0505066999903647
8.42386294111972;50.5484625840318;0.432000000000698;0.0320000000065193
