"x";"y";"km";"distance_to_neighbour"
9.32994505953665;48.7258262825254;195.460000000006;195.460000000006
9.33172242765937;48.7243128359207;195.606;0.145999999993364
