"x";"y";"km";"distance_to_neighbour"
13.032156022527;53.2176738434319;0;0
13.0322366805622;53.2174521465272;0.0252665000007255;0.0252665000007255
13.0321302103539;53.2170958921894;0.0655667999963043;0.0403002999955788
13.0318617822266;53.2168319315332;0.100000000005821;0.0344332000095164
13.0318400880839;53.2168105981937;0.102784200003953;0.00278419999813195
13.0316058154571;53.2167480868732;0.11992709999322;0.0171428999892669
13.0313804176103;53.2167462039224;0.134999999994761;0.0150729000015417
