"x";"y";"km";"distance_to_neighbour"
12.6108462386254;52.4270372676593;0.0599999999976717;0.0599999999976717
12.6117222714891;52.4270294557658;0;-0.0599999999976717
