"x";"y";"km";"distance_to_neighbour"
12.5721378831794;52.4155746443762;0;0
12.5714353662943;52.4146471594238;0.100000000005821;0.100000000005821
12.571294866591;52.4144616623925;0.119999999995343;0.0199999999895226
