"x";"y";"km";"distance_to_neighbour"
12.3209916285062;52.5286909653564;0;0
12.3208527337198;52.5285662539311;0.0174027000030037;0.0174027000030037
12.3207804674019;52.5285059546783;0.0260242999938782;0.00862159999087453
12.3206534004085;52.5284353762418;0.0381237999972655;0.0120995000033872
12.3199395866157;52.5281226316653;0.100000000005821;0.0618762000085553
12.3193426716502;52.5278610962258;0.151743700000225;0.0517436999944039
12.3192759264255;52.5278369582419;0.157206699994276;0.00546299999405164
12.3191080524418;52.5277945275552;0.169999999998254;0.0127933000039775
