"x";"y";"km";"distance_to_neighbour"
13.2475868383538;52.719391307623;0;0
13.2466725804239;52.7196453833962;0.0700000000069849;0.0700000000069849
