"x";"y";"km";"distance_to_neighbour"
9.6116568964012;52.7104541219342;0.157000000006519;0.157000000006519
9.61117320152287;52.7107064537525;0.19999999999709;0.0429999999905704
9.61049185255452;52.7110618873951;0.26057060000312;0.0605706000060309
9.61004957336106;52.7112941487066;0.30000000000291;0.0394293999997899
9.60965152600321;52.7115058437509;0.335679700001492;0.0356796999985818
9.60893583464818;52.711888770932;0.399999999994179;0.0643202999926871
9.60782311921854;52.7124841010212;0.5;0.100000000005821
9.60709629604716;52.7128729552874;0.565317300002789;0.0653173000027891
9.60670978490039;52.7130790362414;0.600000000005821;0.0346827000030316
9.60651661164824;52.7131814928176;0.617294800002128;0.0172947999963071
9.60559202107166;52.7136708855519;0.69999999999709;0.0827051999949617
9.60531253206542;52.7138188181406;0.725000000005821;0.0250000000087311
