"x";"y";"km";"distance_to_neighbour"
13.2195281699314;52.5546727300392;0;0
13.2197376865283;52.5552524525521;0.06600000000617;0.06600000000617
