"x";"y";"km";"distance_to_neighbour"
10.6790175134172;53.8568917027508;2.69100000000617;2.69100000000617
10.678406860816;53.8555001760516;2.59299999999348;-0.0980000000126893
