"x";"y";"km";"distance_to_neighbour"
10.6853541696052;53.8583713120512;3.13899999999558;3.13899999999558
10.6852486827474;53.8571436401316;3.07799999999406;-0.0610000000015134
