"x";"y";"km";"distance_to_neighbour"
13.0332602343869;53.1948478167094;0;0
13.0345525462011;53.1952605372164;0.0978999999933876;0.0978999999933876
