"x";"y";"km";"distance_to_neighbour"
9.65076342032108;51.4190806952339;0.0620000000053551;0.0620000000053551
9.65162626290098;51.4189400284206;0;-0.0620000000053551
